game,Date,Opponent,Home,HOU_SCORE,OPP_SCORE,WIN,pitch_url,Youtube search,game_url,,
1,"MARCH 29, 2018",TEX,0,4,1,1,https://baseballsavant.mlb.com/gamefeed?game_pk=529411&game_date=&type=pitch_velocity&chart_view=pitch&chart_type=sbp&inning=&count=&batter_hand=&pitcher_hand=&filter=&player=&view=Umpire&coloring=Pitch%20Type,"HOU AT TEX - MARCH 29, 2018",missing,,
2,"MARCH 30, 2018",TEX,0,1,5,0,https://baseballsavant.mlb.com/gamefeed?game_pk=529424&game_date=&type=pitch_velocity&chart_view=pitch&chart_type=sbp&inning=&count=&batter_hand=&pitcher_hand=&filter=&player=&view=Umpire&coloring=Pitch%20Type,"HOU AT TEX - MARCH 30, 2018",https://www.youtube.com/watch?v=FNK5h7cCdCE,,
3,"MARCH 31, 2018",TEX,0,9,3,1,https://baseballsavant.mlb.com/gamefeed?game_pk=529435&game_date=&type=pitch_velocity&chart_view=pitch&chart_type=sbp&inning=&count=&batter_hand=&pitcher_hand=&filter=&player=home-pitchers_445926&view=Umpire&coloring=Pitch%20Type,"HOU AT TEX - MARCH 31, 2018",https://www.youtube.com/watch?v=PUwWrPm4xtg,,
4,"APRIL 01, 2018",TEX,0,8,2,1,https://baseballsavant.mlb.com/gamefeed?game_pk=529449&game_date=&type=pitch_velocity&chart_view=pitch&chart_type=sbp&inning=&count=&batter_hand=&pitcher_hand=&filter=&player=home-pitchers_448178&view=Umpire&coloring=Pitch%20Type,"HOU AT TEX - APRIL 01, 2018",missing,,
5,"APRIL 02, 2018",BAL,1,6,1,1,https://baseballsavant.mlb.com/gamefeed?game_pk=529457&game_date=&type=pitch_velocity&chart_view=pitch&chart_type=sbp&inning=&count=&batter_hand=&pitcher_hand=&filter=&player=home-pitchers_450203&view=Umpire&coloring=Pitch%20Type,"BAL AT HOU - APRIL 02, 2018",https://www.youtube.com/watch?v=lZykVx-wY0U,,
6,"APRIL 03, 2018",BAL,1,10,6,1,https://baseballsavant.mlb.com/gamefeed?game_pk=529471&game_date=&type=pitch_velocity&chart_view=pitch&chart_type=sbp&inning=&count=&batter_hand=&pitcher_hand=&filter=&player=&view=Umpire&coloring=Pitch%20Type,"BAL AT HOU - APRIL 03, 2018",https://www.youtube.com/watch?v=M5mtji_TSA4,,
7,"APRIL 04, 2018",BAL,1,3,2,1,https://baseballsavant.mlb.com/gamefeed?game_pk=529484&game_date=&type=pitch_velocity&chart_view=pitch&chart_type=sbp&inning=&count=&batter_hand=&pitcher_hand=&filter=&player=home-pitchers_444468&view=Umpire&coloring=Pitch%20Type,"BAL AT HOU - APRIL 04, 2018",https://www.youtube.com/watch?v=5tXDAr9RV0A,,
8,"APRIL 06, 2018",SDN,1,1,4,0,https://baseballsavant.mlb.com/gamefeed?game_pk=529515&game_date=&type=pitch_velocity&chart_view=pitch&chart_type=sbp&inning=&count=&batter_hand=&pitcher_hand=&filter=&player=home-pitchers_448609&view=Umpire&coloring=Pitch%20Type,"SDN AT HOU - APRIL 06, 2018",missing,,
9,"APRIL 07, 2018",SDN,1,1,0,1,https://baseballsavant.mlb.com/gamefeed?game_pk=529528&game_date=&type=pitch_velocity&chart_view=pitch&chart_type=sbp&inning=&count=&batter_hand=&pitcher_hand=&filter=&player=home-pitchers_501789&view=Umpire&coloring=Pitch%20Type,"SDN AT HOU - APRIL 07, 2018",missing,,
10,"APRIL 08, 2018",SDN,1,4,1,1,https://baseballsavant.mlb.com/gamefeed?game_pk=529543&game_date=&type=pitch_velocity&chart_view=pitch&chart_type=sbp&inning=&count=&batter_hand=&pitcher_hand=&filter=&player=home-pitchers_450203&view=Umpire&coloring=Pitch%20Type,"SDN AT HOU - APRIL 08, 2018",https://www.youtube.com/watch?v=h2n1VtHCBvU,,
11,"APRIL 09, 2018",MIN,0,2,0,1,https://baseballsavant.mlb.com/gamefeed?game_pk=529551&game_date=&type=pitch_velocity&chart_view=pitch&chart_type=sbp&inning=&count=&batter_hand=&pitcher_hand=&filter=&player=home-pitchers_458681&view=Umpire&coloring=Pitch%20Type,"HOU AT MIN - APRIL 09, 2018",https://www.youtube.com/watch?v=tvQn5lOTaNc,,
12,"APRIL 10, 2018",MIN,0,1,4,0,https://baseballsavant.mlb.com/gamefeed?game_pk=529564&game_date=&type=pitch_velocity&chart_view=pitch&chart_type=sbp&inning=&count=&batter_hand=&pitcher_hand=&filter=&player=home-pitchers_407845&view=Umpire&coloring=Pitch%20Type,"HOU AT MIN - APRIL 10, 2018",https://www.youtube.com/watch?v=0cmGIeb3rXI,,
13,"APRIL 11, 2018",MIN,0,8,9,0,https://baseballsavant.mlb.com/gamefeed?game_pk=529578&game_date=&type=pitch_velocity&chart_view=pitch&chart_type=sbp&inning=&count=&batter_hand=&pitcher_hand=&filter=&player=home-pitchers_407845&view=Umpire&coloring=Pitch%20Type,"HOU AT MIN - APRIL 11, 2018",https://www.youtube.com/watch?v=v8iaKSmx0GY,,
14,"APRIL 13, 2018",TEX,1,3,2,1,https://baseballsavant.mlb.com/gamefeed?game_pk=529610&game_date=&type=pitch_velocity&chart_view=pitch&chart_type=sbp&inning=&count=&batter_hand=&pitcher_hand=&filter=&player=home-pitchers_501789&view=Umpire&coloring=Pitch%20Type,"TEX AT HOU - APRIL 13, 2018",https://www.youtube.com/watch?v=sv404VWuPf4,,
15,"APRIL 14, 2018",TEX,1,5,6,0,https://baseballsavant.mlb.com/gamefeed?game_pk=529625&game_date=&type=pitch_velocity&chart_view=pitch&chart_type=sbp&inning=&count=&batter_hand=&pitcher_hand=&filter=&player=home-pitchers_444468&view=Umpire&coloring=Pitch%20Type,"TEX AT HOU - APRIL 14, 2018",https://www.youtube.com/watch?v=92012xZDx84,,
16,"APRIL 15, 2018",TEX,1,1,3,0,https://baseballsavant.mlb.com/gamefeed?game_pk=529640&game_date=&type=pitch_velocity&chart_view=pitch&chart_type=sbp&inning=&count=&batter_hand=&pitcher_hand=&filter=&player=home-pitchers_434378&view=Umpire&coloring=Pitch%20Type,"TEX AT HOU - APRIL 15, 2018",missing,,
17,"APRIL 16, 2018",SEA,0,1,2,0,https://baseballsavant.mlb.com/gamefeed?game_pk=529646&game_date=&type=pitch_velocity&chart_view=pitch&chart_type=sbp&inning=&count=&batter_hand=&pitcher_hand=&filter=&player=home-pitchers_504379&view=Umpire&coloring=Pitch%20Type,"HOU AT SEA - APRIL 16, 2018",https://www.youtube.com/watch?v=szjxbYAEhxw,,
18,"APRIL 17, 2018",SEA,0,4,1,1,https://baseballsavant.mlb.com/gamefeed?game_pk=529660&game_date=&type=pitch_velocity&chart_view=pitch&chart_type=sbp&inning=&count=&batter_hand=&pitcher_hand=&filter=&player=home-pitchers_453281&view=Umpire&coloring=Pitch%20Type,"HOU AT SEA - APRIL 17, 2018",https://www.youtube.com/watch?v=TxrCJNL8NDE,,
19,"APRIL 18, 2018",SEA,0,7,1,1,https://baseballsavant.mlb.com/gamefeed?game_pk=529685&game_date=&type=pitch_velocity&chart_view=pitch&chart_type=sbp&inning=&count=&batter_hand=&pitcher_hand=&filter=&player=home-pitchers_453281&view=Umpire&coloring=Pitch%20Type,"HOU AT SEA - APRIL 18, 2018",https://www.youtube.com/watch?v=wVZmrmommZU,,
20,"APRIL 19, 2018",SEA,0,9,2,1,https://baseballsavant.mlb.com/gamefeed?game_pk=529685&game_date=&type=pitch_velocity&chart_view=pitch&chart_type=sbp&inning=&count=&batter_hand=&pitcher_hand=&filter=&player=home-pitchers_453281&view=Umpire&coloring=Pitch%20Type,"HOU AT SEA - APRIL 19, 2018",https://www.youtube.com/watch?v=7CBmpPXadgQ,,
21,"APRIL 20, 2018",CHA,0,10,0,1,https://baseballsavant.mlb.com/gamefeed?game_pk=529695&game_date=&type=pitch_velocity&chart_view=pitch&chart_type=sbp&inning=&count=&batter_hand=&pitcher_hand=&filter=&player=home-pitchers_448306&view=Umpire&coloring=Pitch%20Type,"HOU AT CHA - APRIL 20, 2018",https://www.youtube.com/watch?v=5qJY45TrHGc,,
22,"APRIL 21, 2018",CHA,0,10,1,1,https://baseballsavant.mlb.com/gamefeed?game_pk=529710&game_date=&type=pitch_velocity&chart_view=pitch&chart_type=sbp&inning=&count=&batter_hand=&pitcher_hand=&filter=&player=home-pitchers_458690&view=Umpire&coloring=Pitch%20Type,"HOU AT CHA - APRIL 21, 2018",https://www.youtube.com/watch?v=6iMFkMPBOf4,,
23,"APRIL 22, 2018",CHA,0,7,1,1,https://baseballsavant.mlb.com/gamefeed?game_pk=529725&game_date=&type=pitch_velocity&chart_view=pitch&chart_type=sbp&inning=&count=&batter_hand=&pitcher_hand=&filter=&player=home-pitchers_500872&view=Umpire&coloring=Pitch%20Type,"HOU AT CHA - APRIL 22, 2018",https://www.youtube.com/watch?v=baAU-QqdTus,,
24,"APRIL 23, 2018",ANA,1,0,2,0,https://baseballsavant.mlb.com/gamefeed?game_pk=529738&game_date=&type=pitch_velocity&chart_view=pitch&chart_type=sbp&inning=&count=&batter_hand=&pitcher_hand=&filter=&player=home-pitchers_444468&view=Umpire&coloring=Pitch%20Type,"ANA AT HOU - APRIL 23, 2018",https://www.youtube.com/watch?v=YxjVAo12mdY,,
25,"APRIL 24, 2018",ANA,1,7,8,0,https://baseballsavant.mlb.com/gamefeed?game_pk=529750&game_date=&type=pitch_velocity&chart_view=pitch&chart_type=sbp&inning=&count=&batter_hand=&pitcher_hand=&filter=&player=home-pitchers_450203&view=Umpire&coloring=Pitch%20Type,"ANA AT HOU - APRIL 24, 2018",https://www.youtube.com/watch?v=PlZoda8VnAg,,
26,"APRIL 25, 2018",ANA,1,5,2,1,https://baseballsavant.mlb.com/gamefeed?game_pk=529765&game_date=&type=pitch_velocity&chart_view=pitch&chart_type=sbp&inning=&count=&batter_hand=&pitcher_hand=&filter=&player=home-pitchers_434378&view=Umpire&coloring=Pitch%20Type,"ANA AT HOU - APRIL 25, 2018",https://www.youtube.com/watch?v=7V3HXOrE7MU,,
27,"APRIL 27, 2018",OAK,1,1,8,0,https://baseballsavant.mlb.com/gamefeed?game_pk=529795&game_date=&type=pitch_velocity&chart_view=pitch&chart_type=sbp&inning=&count=&batter_hand=&pitcher_hand=&filter=&player=home-pitchers_448609&view=Umpire&coloring=Pitch%20Type,"OAK AT HOU - APRIL 27, 2018",https://www.youtube.com/watch?v=U8JS9BlO_kc,,
28,"APRIL 28, 2018",OAK,1,11,0,1,https://baseballsavant.mlb.com/gamefeed?game_pk=529810&game_date=&type=pitch_velocity&chart_view=pitch&chart_type=sbp&inning=&count=&batter_hand=&pitcher_hand=&filter=&player=home-pitchers_444468&view=Umpire&coloring=Pitch%20Type,"OAK AT HOU - APRIL 28, 2018",https://www.youtube.com/watch?v=0em0ZrAoJGU,,
29,"APRIL 29, 2018",OAK,1,8,4,1,https://baseballsavant.mlb.com/gamefeed?game_pk=529825&game_date=&type=pitch_velocity&chart_view=pitch&chart_type=sbp&inning=&count=&batter_hand=&pitcher_hand=&filter=&player=home-pitchers_501789&view=Umpire&coloring=Pitch%20Type,"OAK AT HOU - APRIL 29, 2018",https://www.youtube.com/watch?v=qnXzvayeEe0,,
30,"APRIL 30, 2018",NYA,1,2,1,1,https://baseballsavant.mlb.com/gamefeed?game_pk=529834&game_date=&type=pitch_velocity&chart_view=pitch&chart_type=sbp&inning=&count=&batter_hand=&pitcher_hand=&filter=&player=home-pitchers_450203&view=Umpire&coloring=Pitch%20Type,"NYA AT HOU - APRIL 30, 2018",https://www.youtube.com/watch?v=zWi9qbm_0i8,,
31,"MAY 01, 2018",NYA,1,0,4,0,https://baseballsavant.mlb.com/gamefeed?game_pk=529848&game_date=&type=pitch_velocity&chart_view=pitch&chart_type=sbp&inning=&count=&batter_hand=&pitcher_hand=&filter=&player=home-pitchers_434378&view=Umpire&coloring=Pitch%20Type,"NYA AT HOU - MAY 01, 2018",https://www.youtube.com/watch?v=9FXOH55bw68,,
32,"MAY 02, 2018",NYA ,1,0,4,0,https://baseballsavant.mlb.com/gamefeed?game_pk=529863&game_date=&type=pitch_velocity&chart_view=pitch&chart_type=sbp&inning=&count=&batter_hand=&pitcher_hand=&filter=&player=home-pitchers_444468&view=Umpire&coloring=Pitch%20Type,"NYA  AT HOU - MAY 02, 2018",https://www.youtube.com/watch?v=FIzy7l1vWpM,,
33,"MAY 03, 2018",NYA,1,5,6,0,https://baseballsavant.mlb.com/gamefeed?game_pk=529877&game_date=&type=pitch_velocity&chart_view=pitch&chart_type=sbp&inning=&count=&batter_hand=&pitcher_hand=&filter=&player=home-pitchers_501789&view=Umpire&coloring=Pitch%20Type,"NYA AT HOU - MAY 03, 2018",https://www.youtube.com/watch?v=v7jxnkknTQ0,,
34,"MAY 04, 2018",ARI,0,8,0,1,https://baseballsavant.mlb.com/gamefeed?game_pk=529886&game_date=&type=pitch_velocity&chart_view=pitch&chart_type=sbp&inning=&count=&batter_hand=&pitcher_hand=&filter=&player=home-pitchers_450665&view=Umpire&coloring=Pitch%20Type,"HOU AT ARI - MAY 04, 2018",https://www.youtube.com/watch?v=BEYBv3tf3sY,,
35,"MAY 05, 2018",ARI,0,3,4,0,https://baseballsavant.mlb.com/gamefeed?game_pk=529901&game_date=&type=pitch_velocity&chart_view=pitch&chart_type=sbp&inning=&count=&batter_hand=&pitcher_hand=&filter=&player=home-pitchers_425844&view=Umpire&coloring=Pitch%20Type,"HOU AT ARI - MAY 05, 2018",https://www.youtube.com/watch?v=tGtUDi3oD-I,,
36,"MAY 06, 2018",ARI,0,1,3,0,https://baseballsavant.mlb.com/gamefeed?game_pk=529917&game_date=&type=pitch_velocity&chart_view=pitch&chart_type=sbp&inning=&count=&batter_hand=&pitcher_hand=&filter=&player=home-pitchers_407822&view=Umpire&coloring=Pitch%20Type,"HOU AT ARI - MAY 06, 2018",https://www.youtube.com/watch?v=yfPmv-FKjC0,,
37,"MAY 07, 2018",OAK,0,16,2,1,https://baseballsavant.mlb.com/gamefeed?game_pk=529927&game_date=&type=pitch_velocity&chart_view=pitch&chart_type=sbp&inning=&count=&batter_hand=&pitcher_hand=&filter=&player=home-pitchers_474463&view=Umpire&coloring=Pitch%20Type,"HOU AT OAK - MAY 07, 2018",https://www.youtube.com/watch?v=w8Zbg1HFUJI,,
38,"MAY 08, 2018",OAK,0,4,2,1,https://baseballsavant.mlb.com/gamefeed?game_pk=529938&game_date=&type=pitch_velocity&chart_view=pitch&chart_type=sbp&inning=&count=&batter_hand=&pitcher_hand=&filter=&player=home-pitchers_433586&view=Umpire&coloring=Pitch%20Type,"HOU AT OAK - MAY 08, 2018",https://www.youtube.com/watch?v=WaWEfJyNK1A,,
39,"MAY 09, 2018",OAK,0,4,1,1,https://baseballsavant.mlb.com/gamefeed?game_pk=529953&game_date=&type=pitch_velocity&chart_view=pitch&chart_type=sbp&inning=&count=&batter_hand=&pitcher_hand=&filter=&player=home-pitchers_433589&view=Umpire&coloring=Pitch%20Type,"HOU AT OAK - MAY 09, 2018",https://www.youtube.com/watch?v=r7qZyNfL098,,
40,"MAY 11, 2018",TEX,1,0,1,0,https://baseballsavant.mlb.com/gamefeed?game_pk=529985&game_date=&type=pitch_velocity&chart_view=pitch&chart_type=sbp&inning=&count=&batter_hand=&pitcher_hand=&filter=&player=home-pitchers_434378&view=Umpire&coloring=Pitch%20Type,"TEX AT HOU - MAY 11, 2018",https://www.youtube.com/watch?v=f9o0m5cE4Uc,,
41,"MAY 12, 2018",TEX,1,6,1,1,https://baseballsavant.mlb.com/gamefeed?game_pk=530000&game_date=&type=pitch_velocity&chart_view=pitch&chart_type=sbp&inning=&count=&batter_hand=&pitcher_hand=&filter=&player=home-pitchers_450203&view=Umpire&coloring=Pitch%20Type,"TEX AT HOU - MAY 12, 2018",https://www.youtube.com/watch?v=EeojYZQJPnE,,
42,"MAY 13, 2018",TEX,1,6,1,1,https://baseballsavant.mlb.com/gamefeed?game_pk=530015&game_date=&type=pitch_velocity&chart_view=pitch&chart_type=sbp&inning=&count=&batter_hand=&pitcher_hand=&filter=&player=home-pitchers_444468&view=Umpire&coloring=Pitch%20Type,"TEX AT HOU - MAY 13, 2018",https://www.youtube.com/watch?v=6OuO_NJXv8w,,
43,"MAY 14, 2018",ANA,0,1,2,0,https://baseballsavant.mlb.com/gamefeed?game_pk=530020&game_date=&type=pitch_velocity&chart_view=pitch&chart_type=sbp&inning=&count=&batter_hand=&pitcher_hand=&filter=&player=home-pitchers_571760&view=Umpire&coloring=Pitch%20Type,"HOU AT ANA - MAY 14, 2018",https://www.youtube.com/watch?v=he7EgMX_BKA,,
44,"MAY 15, 2018",ANA,0,5,3,1,https://baseballsavant.mlb.com/gamefeed?game_pk=530029&game_date=&type=pitch_velocity&chart_view=pitch&chart_type=sbp&inning=&count=&batter_hand=&pitcher_hand=&filter=&player=home-pitchers_462382&view=Umpire&coloring=Pitch%20Type,"HOU AT ANA - MAY 15, 2018",https://www.youtube.com/watch?v=cC-sxsJKveI,,
45,"MAY 16, 2018",ANA,0,2,0,1,https://baseballsavant.mlb.com/gamefeed?game_pk=530043&game_date=&type=pitch_velocity&chart_view=pitch&chart_type=sbp&inning=&count=&batter_hand=&pitcher_hand=&filter=&player=home-pitchers_453284&view=Umpire&coloring=Pitch%20Type,"HOU AT ANA - MAY 16, 2018",https://www.youtube.com/watch?v=AQUk-5Nq5xI,,
46,"MAY 18, 2018",CLE,1,4,1,1,https://baseballsavant.mlb.com/gamefeed?game_pk=530065&game_date=&type=pitch_velocity&chart_view=pitch&chart_type=sbp&inning=&count=&batter_hand=&pitcher_hand=&filter=&player=home-pitchers_450203&view=Umpire&coloring=Pitch%20Type,"CLE AT HOU - MAY 18, 2018",https://www.youtube.com/watch?v=y6v3GluZLxQ,,
47,"MAY 19, 2018",CLE,1,4,5,0,https://baseballsavant.mlb.com/gamefeed?game_pk=530080&game_date=&type=pitch_velocity&chart_view=pitch&chart_type=sbp&inning=&count=&batter_hand=&pitcher_hand=&filter=&player=home-pitchers_444468&view=Umpire&coloring=Pitch%20Type,"CLE AT HOU - MAY 19, 2018",https://www.youtube.com/watch?v=Wg4tmUJ2QEk,,
48,"MAY 20, 2018",CLE,1,3,1,1,https://baseballsavant.mlb.com/gamefeed?game_pk=530095&game_date=&type=pitch_velocity&chart_view=pitch&chart_type=sbp&inning=&count=&batter_hand=&pitcher_hand=&filter=&player=home-pitchers_501789&view=Umpire&coloring=Pitch%20Type,"CLE AT HOU - MAY 20, 2018",https://www.youtube.com/watch?v=SKd625R9cRo,,
49,"MAY 22, 2018",SFN,1,11,2,1,https://baseballsavant.mlb.com/gamefeed?game_pk=530129&game_date=&type=pitch_velocity&chart_view=pitch&chart_type=sbp&inning=&count=&batter_hand=&pitcher_hand=&filter=&player=home-pitchers_444468&view=Umpire&coloring=Pitch%20Type,"SFN AT HOU - MAY 22, 2018",https://www.youtube.com/watch?v=MVRAi_NcVP8,,
50,"MAY 23, 2018",SFN,1,4,1,1,https://baseballsavant.mlb.com/gamefeed?game_pk=530144&game_date=&type=pitch_velocity&chart_view=pitch&chart_type=sbp&inning=&count=&batter_hand=&pitcher_hand=&filter=&player=home-pitchers_434378&view=Umpire&coloring=Pitch%20Type,"SFN AT HOU - MAY 23, 2018",https://www.youtube.com/watch?v=x_Gjgv5428U,,
51,"MAY 24, 2018",CLE,0,8,2,1,https://baseballsavant.mlb.com/gamefeed?game_pk=530148&game_date=&type=pitch_velocity&chart_view=pitch&chart_type=sbp&inning=&count=&batter_hand=&pitcher_hand=&filter=&player=home-pitchers_458708&view=Umpire&coloring=Pitch%20Type,"HOU AT CLE - MAY 24, 2018",https://www.youtube.com/watch?v=k5CM5ExbCC4,,
52,"MAY 25, 2018",CLE,0,11,2,1,https://baseballsavant.mlb.com/gamefeed?game_pk=530159&game_date=&type=pitch_velocity&chart_view=pitch&chart_type=sbp&inning=&count=&batter_hand=&pitcher_hand=&filter=&player=home-pitchers_446372&view=Umpire&coloring=Pitch%20Type,"HOU AT CLE - MAY 25, 2018",https://www.youtube.com/watch?v=vUSyHJRkzgU,,
53,"MAY 26, 2018",CLE,0,6,8,0,https://baseballsavant.mlb.com/gamefeed?game_pk=530174&game_date=&type=pitch_velocity&chart_view=pitch&chart_type=sbp&inning=&count=&batter_hand=&pitcher_hand=&filter=&player=home-pitchers_471911&view=Umpire&coloring=Pitch%20Type,"HOU AT CLE - MAY 26, 2018",missing,,
54,"MAY 27, 2018",CLE,0,9,10,0,https://baseballsavant.mlb.com/gamefeed?game_pk=530189&game_date=&type=pitch_velocity&chart_view=pitch&chart_type=sbp&inning=&count=&batter_hand=&pitcher_hand=&filter=&player=home-pitchers_458708&view=Umpire&coloring=Pitch%20Type,"HOU AT CLE - MAY 27, 2018",https://www.youtube.com/watch?v=XWNQt-64KNo,,
55,"MAY 28, 2018",NYA,0,5,1,1,https://baseballsavant.mlb.com/gamefeed?game_pk=530202&game_date=&type=pitch_velocity&chart_view=pitch&chart_type=sbp&inning=&count=&batter_hand=&pitcher_hand=&filter=&player=home-pitchers_592454&view=Umpire&coloring=Pitch%20Type,"HOU AT NYA - MAY 28, 2018",https://www.youtube.com/watch?v=dzgG57LrSY0,,
56,"MAY 29, 2018",NYA,0,5,6,0,https://baseballsavant.mlb.com/gamefeed?game_pk=530217&game_date=&type=pitch_velocity&chart_view=pitch&chart_type=sbp&inning=&count=&batter_hand=&pitcher_hand=&filter=&player=&view=Umpire&coloring=Pitch%20Type,"HOU AT NYA - MAY 29, 2018",https://www.youtube.com/watch?v=-n8dcmriorc,,
57,"MAY 30, 2018",NYA,0,3,5,0,https://baseballsavant.mlb.com/gamefeed?game_pk=530232&game_date=&type=pitch_velocity&chart_view=pitch&chart_type=sbp&inning=&count=&batter_hand=&pitcher_hand=&filter=&player=home-pitchers_502085&view=Umpire&coloring=Pitch%20Type,"HOU AT NYA - MAY 30, 2018",https://www.youtube.com/watch?v=A7ryRoCFkdg,,
58,"MAY 31, 2018",BOS,1,4,2,1,https://baseballsavant.mlb.com/gamefeed?game_pk=530244&game_date=&type=pitch_velocity&chart_view=pitch&chart_type=sbp&inning=&count=&batter_hand=&pitcher_hand=&filter=&player=home-pitchers_444468&view=Umpire&coloring=Pitch%20Type,"BOS AT HOU - MAY 31, 2018",missing ,,
59,"JUNE 01, 2018",BOS,1,7,3,1,https://baseballsavant.mlb.com/gamefeed?game_pk=530255&game_date=&type=pitch_velocity&chart_view=pitch&chart_type=sbp&inning=&count=&batter_hand=&pitcher_hand=&filter=&player=home-pitchers_502748&view=Umpire&coloring=Pitch%20Type,"BOS AT HOU - JUNE 01, 2018",https://www.youtube.com/watch?v=H3v45BkeZps,,
60,"JUNE 02, 2018",BOS,1,3,5,0,https://baseballsavant.mlb.com/gamefeed?game_pk=530270&game_date=&type=pitch_velocity&chart_view=pitch&chart_type=sbp&inning=&count=&batter_hand=&pitcher_hand=&filter=&player=home-pitchers_434378&view=Umpire&coloring=Pitch%20Type,"BOS AT HOU - JUNE 02, 2018",missing,,
61,"JUNE 03, 2018",BOS,1,3,9,0,https://baseballsavant.mlb.com/gamefeed?game_pk=530285&game_date=&type=pitch_velocity&chart_view=pitch&chart_type=sbp&inning=&count=&batter_hand=&pitcher_hand=&filter=&player=home-pitchers_448609&view=Umpire&coloring=Pitch%20Type,"BOS AT HOU - JUNE 03, 2018",https://www.youtube.com/watch?v=fI8oneKBCAw,,
62,"JUNE 05, 2018",SEA,1,1,7,0,https://baseballsavant.mlb.com/gamefeed?game_pk=530316&game_date=&type=pitch_velocity&chart_view=pitch&chart_type=sbp&inning=&count=&batter_hand=&pitcher_hand=&filter=&player=home-pitchers_501925&view=Umpire&coloring=Pitch%20Type,"SEA AT HOU - JUNE 05, 2018",https://www.youtube.com/watch?v=q7R8QCLpx4I,,
63,"JUNE 06, 2018",SEA,1,7,5,1,https://baseballsavant.mlb.com/gamefeed?game_pk=530331&game_date=&type=pitch_velocity&chart_view=pitch&chart_type=sbp&inning=&count=&batter_hand=&pitcher_hand=&filter=&player=home-pitchers_444468&view=Umpire&coloring=Pitch%20Type,"SEA AT HOU - JUNE 06, 2018",https://www.youtube.com/watch?v=mqqIwMAoy20,,
64,"JUNE 07, 2018",TEX,0,5,2,1,https://baseballsavant.mlb.com/gamefeed?game_pk=530337&game_date=&type=pitch_velocity&chart_view=pitch&chart_type=sbp&inning=&count=&batter_hand=&pitcher_hand=&filter=&player=&view=Umpire&coloring=Pitch%20Type,"HOU AT TEX - JUNE 07, 2018",https://www.youtube.com/watch?v=qyAULWWp5Wo,,
65,"JUNE 08, 2018",TEX,0,7,3,1,https://baseballsavant.mlb.com/gamefeed?game_pk=530348&game_date=&type=pitch_velocity&chart_view=pitch&chart_type=sbp&inning=&count=&batter_hand=&pitcher_hand=&filter=&player=&view=Umpire&coloring=Pitch%20Type,"HOU AT TEX - JUNE 08, 2018",https://www.youtube.com/watch?v=bRR2CkQhSXY,,
66,"JUNE 09, 2018",TEX,0,4,3,1,https://baseballsavant.mlb.com/gamefeed?game_pk=530363&game_date=&type=pitch_velocity&chart_view=pitch&chart_type=sbp&inning=&count=&batter_hand=&pitcher_hand=&filter=&player=home-pitchers_455119&view=Umpire&coloring=Pitch%20Type,"HOU AT TEX - JUNE 09, 2018",https://www.youtube.com/watch?v=T-F14T6dx60,,
67,"JUNE 10, 2018",TEX,0,8,7,1,https://baseballsavant.mlb.com/gamefeed?game_pk=530378&game_date=&type=pitch_velocity&chart_view=pitch&chart_type=sbp&inning=&count=&batter_hand=&pitcher_hand=&filter=&player=&view=Umpire&coloring=Pitch%20Type,"HOU AT TEX - JUNE 10, 2018",https://www.youtube.com/watch?v=AQbbuGFM2-s,,
68,"JUNE 12, 2018",OAK,0,6,3,1,https://baseballsavant.mlb.com/gamefeed?game_pk=530401&game_date=&type=pitch_velocity&chart_view=pitch&chart_type=sbp&inning=&count=&batter_hand=&pitcher_hand=&filter=&player=home-pitchers_433586&view=Umpire&coloring=Pitch%20Type,"HOU AT OAK - JUNE 12, 2018",https://www.youtube.com/watch?v=V5PN98f794o,,
69,"JUNE 13, 2018",OAK,0,13,5,1,https://baseballsavant.mlb.com/gamefeed?game_pk=530416&game_date=&type=pitch_velocity&chart_view=pitch&chart_type=sbp&inning=&count=&batter_hand=&pitcher_hand=&filter=&player=home-pitchers_501822&view=Umpire&coloring=Pitch%20Type,"HOU AT OAK - JUNE 13, 2018",https://www.youtube.com/watch?v=qE5VHxVnyZM,,
70,"JUNE 14, 2018",OAK,0,7,3,1,https://baseballsavant.mlb.com/gamefeed?game_pk=530429&game_date=&type=pitch_velocity&chart_view=pitch&chart_type=sbp&inning=&count=&batter_hand=&pitcher_hand=&filter=&player=home-pitchers_433586&view=Umpire&coloring=Pitch%20Type,"HOU AT OAK - JUNE 14, 2018",https://www.youtube.com/watch?v=17Md5CBPiBU,,
71,"JUNE 15, 2018",KCA,0,7,3,1,https://baseballsavant.mlb.com/gamefeed?game_pk=530440&game_date=&type=pitch_velocity&chart_view=pitch&chart_type=sbp&inning=&count=&batter_hand=&pitcher_hand=&filter=&player=home-pitchers_518748&view=Umpire&coloring=Pitch%20Type,"HOU AT KCA - JUNE 15, 2018",https://www.youtube.com/watch?v=25sYJDihkQ8,,
72,"JUNE 16, 2018",KCA,0,10,2,1,https://baseballsavant.mlb.com/gamefeed?game_pk=530455&game_date=&type=pitch_velocity&chart_view=pitch&chart_type=sbp&inning=&count=&batter_hand=&pitcher_hand=&filter=&player=home-pitchers_518633&view=Umpire&coloring=Pitch%20Type,"HOU AT KCA - JUNE 16, 2018",missing,,
73,"JUNE 17, 2018",KCA,0,7,4,1,https://baseballsavant.mlb.com/gamefeed?game_pk=530470&game_date=&type=pitch_velocity&chart_view=pitch&chart_type=sbp&inning=&count=&batter_hand=&pitcher_hand=&filter=&player=home-pitchers_518748&view=Umpire&coloring=Pitch%20Type,"HOU AT KCA - JUNE 17, 2018",https://www.youtube.com/watch?v=OmvErRIecv4,,
74,"JUNE 18, 2018",TBA,1,5,4,1,https://baseballsavant.mlb.com/gamefeed?game_pk=530487&game_date=&type=pitch_velocity&chart_view=pitch&chart_type=sbp&inning=&count=&batter_hand=&pitcher_hand=&filter=&player=home-pitchers_501789&view=Umpire&coloring=Pitch%20Type,"TBA AT HOU - JUNE 18, 2018",https://www.youtube.com/watch?v=VdLogac8kzU,,
75,"JUNE 19, 2018",TBA,1,1,2,0,https://baseballsavant.mlb.com/gamefeed?game_pk=530502&game_date=&type=pitch_velocity&chart_view=pitch&chart_type=sbp&inning=&count=&batter_hand=&pitcher_hand=&filter=&player=home-pitchers_434378&view=Umpire&coloring=Pitch%20Type,"TBA AT HOU - JUNE 19, 2018",https://www.youtube.com/watch?v=f_GNFAgm-3c,,
76,"JUNE 20, 2018",TBA,1,5,1,1,https://baseballsavant.mlb.com/gamefeed?game_pk=530516&game_date=&type=pitch_velocity&chart_view=pitch&chart_type=sbp&inning=&count=&batter_hand=&pitcher_hand=&filter=&player=home-pitchers_450203&view=Umpire&coloring=Pitch%20Type,"TBA AT HOU - JUNE 20, 2018",https://www.youtube.com/watch?v=a9vIXt6pzh4,,
77,"JUNE 22, 2018",KCA,1,0,1,0,https://baseballsavant.mlb.com/gamefeed?game_pk=530532&game_date=&type=pitch_velocity&chart_view=pitch&chart_type=sbp&inning=&count=&batter_hand=&pitcher_hand=&filter=&player=home-pitchers_444468&view=Umpire&coloring=Pitch%20Type,"KCA AT HOU - JUNE 22, 2018",https://www.youtube.com/watch?v=cEuftFw5gPg,,
78,"JUNE 23, 2018",KCA,1,4,3,1,https://baseballsavant.mlb.com/gamefeed?game_pk=530547&game_date=&type=pitch_velocity&chart_view=pitch&chart_type=sbp&inning=&count=&batter_hand=&pitcher_hand=&filter=&player=home-pitchers_448609&view=Umpire&coloring=Pitch%20Type,"KCA AT HOU - JUNE 23, 2018",https://www.youtube.com/watch?v=---UiGNrDyU,,
79,"JUNE 24, 2018",KCA,1,11,3,1,https://baseballsavant.mlb.com/gamefeed?game_pk=530562&game_date=&type=pitch_velocity&chart_view=pitch&chart_type=sbp&inning=&count=&batter_hand=&pitcher_hand=&filter=&player=home-pitchers_448609&view=Umpire&coloring=Pitch%20Type,"KCA AT HOU - JUNE 24, 2018",https://www.youtube.com/watch?v=YtkhfsVlnXc,,
80,"JUNE 25, 2018",TOR,1,3,6,0,https://baseballsavant.mlb.com/gamefeed?game_pk=530582&game_date=&type=pitch_velocity&chart_view=pitch&chart_type=sbp&inning=&count=&batter_hand=&pitcher_hand=&filter=&player=&view=Umpire&coloring=Pitch%20Type,"TOR AT HOU - JUNE 25, 2018",https://www.youtube.com/watch?v=R7PKDLZM7_4,,
81,"JUNE 26, 2018",TOR,1,7,0,1,https://baseballsavant.mlb.com/gamefeed?game_pk=530597&game_date=&type=pitch_velocity&chart_view=pitch&chart_type=sbp&inning=&count=&batter_hand=&pitcher_hand=&filter=&player=&view=Umpire&coloring=Pitch%20Type,"TOR AT HOU - JUNE 26, 2018",https://www.youtube.com/watch?v=FUPoZnIekDw,,
82,"JUNE 27, 2018",TOR,1,7,6,1,https://baseballsavant.mlb.com/gamefeed?game_pk=530612&game_date=&type=pitch_velocity&chart_view=pitch&chart_type=sbp&inning=&count=&batter_hand=&pitcher_hand=&filter=&player=&view=Umpire&coloring=Pitch%20Type,"TOR AT HOU - JUNE 27, 2018",https://www.youtube.com/watch?v=KQb75NfXjlE,,
83,"JUNE 28, 2018",TBA,0,1,0,1,https://baseballsavant.mlb.com/gamefeed?game_pk=530616&game_date=&type=pitch_velocity&chart_view=pitch&chart_type=sbp&inning=&count=&batter_hand=&pitcher_hand=&filter=&player=&view=Umpire&coloring=Pitch%20Type,"HOU AT TBA - JUNE 28, 2018",https://www.youtube.com/watch?v=kFoAQwzZ6RM,,
84,"JUNE 29, 2018",TBA,0,2,3,0,https://baseballsavant.mlb.com/gamefeed?game_pk=530629&game_date=&type=pitch_velocity&chart_view=pitch&chart_type=sbp&inning=&count=&batter_hand=&pitcher_hand=&filter=&player=home-pitchers_475054&view=Umpire&coloring=Pitch%20Type,"HOU AT TBA - JUNE 29, 2018",https://www.youtube.com/watch?v=vTprLfKGOQc,,
85,"JUNE 30, 2018",TBA,0,2,5,0,https://baseballsavant.mlb.com/gamefeed?game_pk=530644&game_date=&type=pitch_velocity&chart_view=pitch&chart_type=sbp&inning=&count=&batter_hand=&pitcher_hand=&filter=&player=&view=Umpire&coloring=Pitch%20Type,"HOU AT TBA - JUNE 30, 2018",https://www.youtube.com/watch?v=tXODuC2nA20,,
86,"JULY 01, 2018",TBA,0,2,3,0,https://baseballsavant.mlb.com/gamefeed?game_pk=530659&game_date=&type=pitch_velocity&chart_view=pitch&chart_type=sbp&inning=&count=&batter_hand=&pitcher_hand=&filter=&player=&view=Umpire&coloring=Pitch%20Type,"HOU AT TBA - JULY 01, 2018",https://www.youtube.com/watch?v=ezooYUaOtMM,,
87,"JULY 03, 2018",TEX,0,5,3,1,https://baseballsavant.mlb.com/gamefeed?game_pk=530684&game_date=&type=pitch_velocity&chart_view=pitch&chart_type=sbp&inning=&count=&batter_hand=&pitcher_hand=&filter=&player=home-pitchers_445926&view=Umpire&coloring=Pitch%20Type,"HOU AT TEX - JULY 03, 2018",https://www.youtube.com/watch?v=q9QIeuwdxbQ,,
88,"JULY 04, 2018",TEX,0,5,4,1,https://baseballsavant.mlb.com/gamefeed?game_pk=530699&game_date=&type=pitch_velocity&chart_view=pitch&chart_type=sbp&inning=&count=&batter_hand=&pitcher_hand=&filter=&player=home-pitchers_455119&view=Umpire&coloring=Pitch%20Type,"HOU AT TEX - JULY 04, 2018",https://www.youtube.com/watch?v=Cl2CHC1CwJM,,
89,"JULY 05, 2018",CHA,1,4,3,1,https://baseballsavant.mlb.com/gamefeed?game_pk=530710&game_date=&type=pitch_velocity&chart_view=pitch&chart_type=sbp&inning=&count=&batter_hand=&pitcher_hand=&filter=&player=home-pitchers_434378&view=Umpire&coloring=Pitch%20Type,"CHA AT HOU - JULY 05, 2018",https://www.youtube.com/watch?v=O08d91FGOgc,,
90,"JULY 06, 2018",CHA,1,11,4,1,https://baseballsavant.mlb.com/gamefeed?game_pk=530719&game_date=&type=pitch_velocity&chart_view=pitch&chart_type=sbp&inning=&count=&batter_hand=&pitcher_hand=&filter=&player=home-pitchers_502748&view=Umpire&coloring=Pitch%20Type,"CHA AT HOU - JULY 06, 2018",https://www.youtube.com/watch?v=FTg3yISHvto,,
91,"JULY 07, 2018",CHA,1,12,6,1,https://baseballsavant.mlb.com/gamefeed?game_pk=530734&game_date=&type=pitch_velocity&chart_view=pitch&chart_type=sbp&inning=&count=&batter_hand=&pitcher_hand=&filter=&player=home-pitchers_450203&view=Umpire&coloring=Pitch%20Type,"CHA AT HOU - JULY 07, 2018",https://www.youtube.com/watch?v=v6EZpl5OcBg,,
92,"JULY 08, 2018",CHA,1,2,1,1,https://baseballsavant.mlb.com/gamefeed?game_pk=530749&game_date=&type=pitch_velocity&chart_view=pitch&chart_type=sbp&inning=&count=&batter_hand=&pitcher_hand=&filter=&player=home-pitchers_444468&view=Umpire&coloring=Pitch%20Type,"CHA AT HOU - JULY 08, 2018",https://www.youtube.com/watch?v=P-c4224_uhQ,,
93,"JULY 09, 2018",OAK,1,0,2,0,https://baseballsavant.mlb.com/gamefeed?game_pk=530768&game_date=&type=pitch_velocity&chart_view=pitch&chart_type=sbp&inning=&count=&batter_hand=&pitcher_hand=&filter=&player=home-pitchers_501789&view=Umpire&coloring=Pitch%20Type,"OAK AT HOU - JULY 09, 2018",https://www.youtube.com/watch?v=tMTU5zHXsFw,,
94,"JULY 10, 2018",OAK,1,6,5,1,https://baseballsavant.mlb.com/gamefeed?game_pk=530780&game_date=&type=pitch_velocity&chart_view=pitch&chart_type=sbp&inning=&count=&batter_hand=&pitcher_hand=&filter=&player=home-pitchers_434378&view=Umpire&coloring=Pitch%20Type,"OAK AT HOU - JULY 10, 2018",https://www.youtube.com/watch?v=TNaMmHT2Y08,,
95,"JULY 11, 2018",OAK,1,3,8,0,https://baseballsavant.mlb.com/gamefeed?game_pk=530795&game_date=&type=pitch_velocity&chart_view=pitch&chart_type=sbp&inning=&count=&batter_hand=&pitcher_hand=&filter=&player=home-pitchers_448609&view=Umpire&coloring=Pitch%20Type,"OAK AT HOU - JULY 11, 2018",https://www.youtube.com/watch?v=r-w9nRbHwRU,,
96,"JULY 12, 2018",OAK,1,4,6,0,https://baseballsavant.mlb.com/gamefeed?game_pk=530806&game_date=&type=pitch_velocity&chart_view=pitch&chart_type=sbp&inning=&count=&batter_hand=&pitcher_hand=&filter=&player=home-pitchers_450203&view=Umpire&coloring=Pitch%20Type,"OAK AT HOU - JULY 12, 2018",missing,,
97,"JULY 13, 2018",DET,1,3,0,1,https://baseballsavant.mlb.com/gamefeed?game_pk=530814&game_date=&type=pitch_velocity&chart_view=pitch&chart_type=sbp&inning=&count=&batter_hand=&pitcher_hand=&filter=&player=home-pitchers_444468&view=Umpire&coloring=Pitch%20Type,"DET AT HOU - JULY 13, 2018",https://www.youtube.com/watch?v=1K5qed0y5Pw,,
98,"JULY 14, 2018",DET,1,9,1,1,https://baseballsavant.mlb.com/gamefeed?game_pk=530829&game_date=&type=pitch_velocity&chart_view=pitch&chart_type=sbp&inning=&count=&batter_hand=&pitcher_hand=&filter=&player=home-pitchers_501925&view=Umpire&coloring=Pitch%20Type,"DET AT HOU - JULY 14, 2018",https://www.youtube.com/watch?v=TGzUqpLFyNo,,
99,"JULY 15, 2018",DET,1,3,6,0,https://baseballsavant.mlb.com/gamefeed?game_pk=530844&game_date=&type=pitch_velocity&chart_view=pitch&chart_type=sbp&inning=&count=&batter_hand=&pitcher_hand=&filter=&player=home-pitchers_434378&view=Umpire&coloring=Pitch%20Type,"DET AT HOU - JULY 15, 2018",https://www.youtube.com/watch?v=IsJi15IzSCg,,
100,"JULY 20, 2018",ANA,0,3,1,1,https://baseballsavant.mlb.com/gamefeed?game_pk=530864&game_date=&type=pitch_velocity&chart_view=pitch&chart_type=sbp&inning=&count=&batter_hand=&pitcher_hand=&filter=&player=home-pitchers_501625&view=Umpire&coloring=Pitch%20Type,"HOU AT ANA - JULY 20, 2018",https://www.youtube.com/watch?v=AL0Eg8RDGbU,,
101,"JULY 21, 2018",ANA,0,7,0,1,https://baseballsavant.mlb.com/gamefeed?game_pk=530879&game_date=&type=pitch_velocity&chart_view=pitch&chart_type=sbp&inning=&count=&batter_hand=&pitcher_hand=&filter=&player=home-pitchers_501625&view=Umpire&coloring=Pitch%20Type,"HOU AT ANA - JULY 21, 2018",https://www.youtube.com/watch?v=DQNgfpaYa00,,
102,"JULY 22, 2018",ANA,0,5,14,0,https://baseballsavant.mlb.com/gamefeed?game_pk=530894&game_date=&type=pitch_velocity&chart_view=pitch&chart_type=sbp&inning=&count=&batter_hand=&pitcher_hand=&filter=&player=home-pitchers_462382&view=Umpire&coloring=Pitch%20Type,"HOU AT ANA - JULY 22, 2018",https://www.youtube.com/watch?v=rudLofta5jM,,
103,"JULY 24, 2018",COL,0,8,2,1,https://baseballsavant.mlb.com/gamefeed?game_pk=530921&game_date=&type=pitch_velocity&chart_view=pitch&chart_type=sbp&inning=&count=&batter_hand=&pitcher_hand=&filter=&player=home-pitchers_451584&view=Umpire&coloring=Pitch%20Type,"HOU AT COL - JULY 24, 2018",https://www.youtube.com/watch?v=btWxb9Uit_Q,,
104,"JULY 25, 2018",COL,0,2,3,0,https://baseballsavant.mlb.com/gamefeed?game_pk=530935&game_date=&type=pitch_velocity&chart_view=pitch&chart_type=sbp&inning=&count=&batter_hand=&pitcher_hand=&filter=&player=home-pitchers_451584&view=Umpire&coloring=Pitch%20Type,"HOU AT COL - JULY 25, 2018",https://www.youtube.com/watch?v=tvBeQMBvPAw,,
105,"JULY 27, 2018",TEX,1,2,11,0,https://baseballsavant.mlb.com/gamefeed?game_pk=530968&game_date=&type=pitch_velocity&chart_view=pitch&chart_type=sbp&inning=&count=&batter_hand=&pitcher_hand=&filter=&player=home-pitchers_448609&view=Umpire&coloring=Pitch%20Type,"TEX AT HOU - JULY 27, 2018",https://www.youtube.com/watch?v=cfGPiAeZZb8,,
106,"JULY 28, 2018",TEX,1,3,7,0,https://baseballsavant.mlb.com/gamefeed?game_pk=530983&game_date=&type=pitch_velocity&chart_view=pitch&chart_type=sbp&inning=&count=&batter_hand=&pitcher_hand=&filter=&player=home-pitchers_434378&view=Umpire&coloring=Pitch%20Type,"TEX AT HOU - JULY 28, 2018",https://www.youtube.com/watch?v=179co_nU1ok,,
107,"JULY 29, 2018",TEX,1,3,4,0,https://baseballsavant.mlb.com/gamefeed?game_pk=530998&game_date=&type=pitch_velocity&chart_view=pitch&chart_type=sbp&inning=&count=&batter_hand=&pitcher_hand=&filter=&player=home-pitchers_501925&view=Umpire&coloring=Pitch%20Type,"TEX AT HOU - JULY 29, 2018",https://www.youtube.com/watch?v=scBXJdoZiuY,,
108,"JULY 30, 2018",SEA,0,0,2,0,https://baseballsavant.mlb.com/gamefeed?game_pk=531003&game_date=&type=pitch_velocity&chart_view=pitch&chart_type=sbp&inning=&count=&batter_hand=&pitcher_hand=&filter=&player=home-pitchers_517008&view=Umpire&coloring=Pitch%20Type,"HOU AT SEA - JULY 30, 2018",missing,,
109,"JULY 31, 2018",SEA,0,5,2,1,https://baseballsavant.mlb.com/gamefeed?game_pk=531015&game_date=&type=pitch_velocity&chart_view=pitch&chart_type=sbp&inning=&count=&batter_hand=&pitcher_hand=&filter=&player=home-pitchers_435043&view=Umpire&coloring=Pitch%20Type,"HOU AT SEA - JULY 31, 2018",https://www.youtube.com/watch?v=XrAPQL2sThY,,
110,"AUGUST 01, 2018",SEA,0,8,3,1,https://baseballsavant.mlb.com/gamefeed?game_pk=531030&game_date=&type=pitch_velocity&chart_view=pitch&chart_type=sbp&inning=&count=&batter_hand=&pitcher_hand=&filter=&player=home-pitchers_453281&view=Umpire&coloring=Pitch%20Type,"HOU AT SEA - AUGUST 01, 2018",https://www.youtube.com/watch?v=EORDoxbocbU,,
111,"AUGUST 03, 2018",LAN,0,2,1,1,https://baseballsavant.mlb.com/gamefeed?game_pk=531055&game_date=&type=pitch_velocity&chart_view=pitch&chart_type=sbp&inning=&count=&batter_hand=&pitcher_hand=&filter=&player=home-pitchers_543339&view=Umpire&coloring=Pitch%20Type,"HOU AT LAN - AUGUST 03, 2018",https://www.youtube.com/watch?v=YjBdQUqzdfU,,
112,"AUGUST 04, 2018",LAN,0,14,0,1,https://baseballsavant.mlb.com/gamefeed?game_pk=531070&game_date=&type=pitch_velocity&chart_view=pitch&chart_type=sbp&inning=&count=&batter_hand=&pitcher_hand=&filter=&player=home-pitchers_446099&view=Umpire&coloring=Pitch%20Type,"HOU AT LAN - AUGUST 04, 2018",https://www.youtube.com/watch?v=HGdKQdifZSk,,
113,"AUGUST 05, 2018",LAN,0,2,3,0,https://baseballsavant.mlb.com/gamefeed?game_pk=531085&game_date=&type=pitch_velocity&chart_view=pitch&chart_type=sbp&inning=&count=&batter_hand=&pitcher_hand=&filter=&player=home-pitchers_445276&view=Umpire&coloring=Pitch%20Type,"HOU AT LAN - AUGUST 05, 2018",https://www.youtube.com/watch?v=eIaP8kosr_s,,
114,"AUGUST 06, 2018",SFN,0,3,1,1,https://baseballsavant.mlb.com/gamefeed?game_pk=531097&game_date=&type=pitch_velocity&chart_view=pitch&chart_type=sbp&inning=&count=&batter_hand=&pitcher_hand=&filter=&player=home-pitchers_519293&view=Umpire&coloring=Pitch%20Type,"HOU AT SFN - AUGUST 06, 2018",https://www.youtube.com/watch?v=mSTrokOVdIA,,
115,"AUGUST 07, 2018",SFN,0,2,1,1,https://baseballsavant.mlb.com/gamefeed?game_pk=531110&game_date=&type=pitch_velocity&chart_view=pitch&chart_type=sbp&inning=&count=&batter_hand=&pitcher_hand=&filter=&player=home-pitchers_453265&view=Umpire&coloring=Pitch%20Type,"HOU AT SFN - AUGUST 07, 2018",https://www.youtube.com/watch?v=Rrm_J3Wequg,,
116,"AUGUST 09, 2018",SEA,1,6,8,0,https://baseballsavant.mlb.com/gamefeed?game_pk=531140&game_date=&type=pitch_velocity&chart_view=pitch&chart_type=sbp&inning=&count=&batter_hand=&pitcher_hand=&filter=&player=home-pitchers_434378&view=Umpire&coloring=Pitch%20Type,"SEA AT HOU - AUGUST 09, 2018",https://www.youtube.com/watch?v=0aqSFxOfgcc,,
117,"AUGUST 10, 2018",SEA,1,2,5,0,https://baseballsavant.mlb.com/gamefeed?game_pk=531152&game_date=&type=pitch_velocity&chart_view=pitch&chart_type=sbp&inning=&count=&batter_hand=&pitcher_hand=&filter=&player=home-pitchers_519151&view=Umpire&coloring=Pitch%20Type,"SEA AT HOU - AUGUST 10, 2018",https://www.youtube.com/watch?v=_cakDqr1vgo,,
118,"AUGUST 11, 2018",SEA,1,2,3,0,https://baseballsavant.mlb.com/gamefeed?game_pk=531167&game_date=&type=pitch_velocity&chart_view=pitch&chart_type=sbp&inning=&count=&batter_hand=&pitcher_hand=&filter=&player=home-pitchers_444468&view=Umpire&coloring=Pitch%20Type,"SEA AT HOU - AUGUST 11, 2018",https://www.youtube.com/watch?v=Mpcdktf3gmc,,
119,"AUGUST 12, 2018",SEA,1,3,4,0,https://baseballsavant.mlb.com/gamefeed?game_pk=531182&game_date=&type=pitch_velocity&chart_view=pitch&chart_type=sbp&inning=&count=&batter_hand=&pitcher_hand=&filter=&player=home-pitchers_444468&view=Umpire&coloring=Pitch%20Type,"SEA AT HOU - AUGUST 12, 2018",https://www.youtube.com/watch?v=F3jMjLS9mvU,,
120,"AUGUST 14, 2018",COL,1,1,5,0,https://baseballsavant.mlb.com/gamefeed?game_pk=531199&game_date=&type=pitch_velocity&chart_view=pitch&chart_type=sbp&inning=&count=&batter_hand=&pitcher_hand=&filter=&player=home-pitchers_434378&view=Umpire&coloring=Pitch%20Type,"COL AT HOU - AUGUST 14, 2018",https://www.youtube.com/watch?v=jawmmuSJNNI,,
121,"AUGUST 15, 2018",COL,1,12,1,1,https://baseballsavant.mlb.com/gamefeed?game_pk=531214&game_date=&type=pitch_velocity&chart_view=pitch&chart_type=sbp&inning=&count=&batter_hand=&pitcher_hand=&filter=&player=home-pitchers_501789&view=Umpire&coloring=Pitch%20Type,"COL AT HOU - AUGUST 15, 2018",https://www.youtube.com/watch?v=IlKM7oBWfc8,,
122,"AUGUST 17, 2018",OAK,0,3,4,0,https://baseballsavant.mlb.com/gamefeed?game_pk=531239&game_date=&type=pitch_velocity&chart_view=pitch&chart_type=sbp&inning=&count=&batter_hand=&pitcher_hand=&filter=&player=home-pitchers_407845&view=Umpire&coloring=Pitch%20Type,"HOU AT OAK - AUGUST 17, 2018",missing,,
123,"AUGUST 18, 2018",OAK,0,1,7,0,https://baseballsavant.mlb.com/gamefeed?game_pk=531254&game_date=&type=pitch_velocity&chart_view=pitch&chart_type=sbp&inning=&count=&batter_hand=&pitcher_hand=&filter=&player=home-pitchers_433589&view=Umpire&coloring=Pitch%20Type,"HOU AT OAK - AUGUST 18, 2018",missing,,
124,"AUGUST 19, 2018",OAK,0,9,4,1,https://baseballsavant.mlb.com/gamefeed?game_pk=531269&game_date=&type=pitch_velocity&chart_view=pitch&chart_type=sbp&inning=&count=&batter_hand=&pitcher_hand=&filter=&player=home-pitchers_488748&view=Umpire&coloring=Pitch%20Type,"HOU AT OAK - AUGUST 19, 2018",https://www.youtube.com/watch?v=ZbE7UYFIFMI,,
125,"AUGUST 20, 2018",SEA,0,4,7,0,https://baseballsavant.mlb.com/gamefeed?game_pk=531283&game_date=&type=pitch_velocity&chart_view=pitch&chart_type=sbp&inning=&count=&batter_hand=&pitcher_hand=&filter=&player=home-pitchers_433587&view=Umpire&coloring=Pitch%20Type,"HOU AT SEA - AUGUST 20, 2018",https://www.youtube.com/watch?v=k1HUYQz3WUs,,
126,"AUGUST 21, 2018",SEA,0,3,2,1,https://baseballsavant.mlb.com/gamefeed?game_pk=531293&game_date=&type=pitch_velocity&chart_view=pitch&chart_type=sbp&inning=&count=&batter_hand=&pitcher_hand=&filter=&player=home-pitchers_435043&view=Umpire&coloring=Pitch%20Type,"HOU AT SEA - AUGUST 21, 2018",https://www.youtube.com/watch?v=VVhb6JfmD4Q,,
127,"AUGUST 22, 2018",SEA,0,10,7,1,https://baseballsavant.mlb.com/gamefeed?game_pk=531308&game_date=&type=pitch_velocity&chart_view=pitch&chart_type=sbp&inning=&count=&batter_hand=&pitcher_hand=&filter=&player=home-pitchers_435043&view=Umpire&coloring=Pitch%20Type,"HOU AT SEA - AUGUST 22, 2018",https://www.youtube.com/watch?v=dVSrAhxZRxY,,
128,"AUGUST 24, 2018",ANA,0,9,3,1,https://baseballsavant.mlb.com/gamefeed?game_pk=531332&game_date=&type=pitch_velocity&chart_view=pitch&chart_type=sbp&inning=&count=&batter_hand=&pitcher_hand=&filter=&player=home-pitchers_571760&view=Umpire&coloring=Pitch%20Type,"HOU AT ANA - AUGUST 24, 2018",https://www.youtube.com/watch?v=CPRjfCFWRiQ,,
129,"AUGUST 25, 2018",ANA,0,8,3,1,https://baseballsavant.mlb.com/gamefeed?game_pk=531347&game_date=&type=pitch_velocity&chart_view=pitch&chart_type=sbp&inning=&count=&batter_hand=&pitcher_hand=&filter=&player=home-pitchers_453284&view=Umpire&coloring=Pitch%20Type,"HOU AT ANA - AUGUST 25, 2018",https://www.youtube.com/watch?v=TGRLzirOFhk,,
130,"AUGUST 26, 2018",ANA,0,3,1,1,https://baseballsavant.mlb.com/gamefeed?game_pk=531362&game_date=&type=pitch_velocity&chart_view=pitch&chart_type=sbp&inning=&count=&batter_hand=&pitcher_hand=&filter=&player=home-pitchers_453284&view=Umpire&coloring=Pitch%20Type,"HOU AT ANA - AUGUST 26, 2018",https://www.youtube.com/watch?v=KuKZC_nAFjk,,
131,"AUGUST 27, 2018",OAK,1,11,4,1,https://baseballsavant.mlb.com/gamefeed?game_pk=531376&game_date=&type=pitch_velocity&chart_view=pitch&chart_type=sbp&inning=&count=&batter_hand=&pitcher_hand=&filter=&player=home-pitchers_501925&view=Umpire&coloring=Pitch%20Type,"OAK AT HOU - AUGUST 27, 2018",https://www.youtube.com/watch?v=KCeaqI4vFFw,,
132,"AUGUST 28, 2018",OAK,1,3,4,0,https://baseballsavant.mlb.com/gamefeed?game_pk=531388&game_date=&type=pitch_velocity&chart_view=pitch&chart_type=sbp&inning=&count=&batter_hand=&pitcher_hand=&filter=&player=home-pitchers_444468&view=Umpire&coloring=Pitch%20Type,"OAK AT HOU - AUGUST 28, 2018",https://www.youtube.com/watch?v=IaErvte2IcE,,
133,"AUGUST 29, 2018",OAK,1,5,4,1,https://baseballsavant.mlb.com/gamefeed?game_pk=531402&game_date=&type=pitch_velocity&chart_view=pitch&chart_type=sbp&inning=&count=&batter_hand=&pitcher_hand=&filter=&player=home-pitchers_448609&view=Umpire&coloring=Pitch%20Type,"OAK AT HOU - AUGUST 29, 2018",missing,,
134,"AUGUST 30, 2018",ANA,1,2,5,0,https://baseballsavant.mlb.com/gamefeed?game_pk=531412&game_date=&type=pitch_velocity&chart_view=pitch&chart_type=sbp&inning=&count=&batter_hand=&pitcher_hand=&filter=&player=home-pitchers_434378&view=Umpire&coloring=Pitch%20Type,"ANA AT HOU - AUGUST 30, 2018",https://www.youtube.com/watch?v=G8KZ0xiA5Mw,,
135,"AUGUST 31, 2018",ANA,1,0,3,0,https://baseballsavant.mlb.com/gamefeed?game_pk=531424&game_date=&type=pitch_velocity&chart_view=pitch&chart_type=sbp&inning=&count=&batter_hand=&pitcher_hand=&filter=&player=home-pitchers_444468&view=Umpire&coloring=Pitch%20Type,"ANA AT HOU - AUGUST 31, 2018",https://www.youtube.com/watch?v=5JDE7RoamFs,,
136,"SEPTEMBER 01, 2018",ANA,1,7,3,1,https://baseballsavant.mlb.com/gamefeed?game_pk=531439&game_date=&type=pitch_velocity&chart_view=pitch&chart_type=sbp&inning=&count=&batter_hand=&pitcher_hand=&filter=&player=home-pitchers_448609&view=Umpire&coloring=Pitch%20Type,"ANA AT HOU - SEPTEMBER 01, 2018",https://www.youtube.com/watch?v=9xN1ekiilXs,,
137,"SEPTEMBER 02, 2018",ANA,1,4,2,1,https://baseballsavant.mlb.com/gamefeed?game_pk=531454&game_date=&type=pitch_velocity&chart_view=pitch&chart_type=sbp&inning=&count=&batter_hand=&pitcher_hand=&filter=&player=home-pitchers_444468&view=Umpire&coloring=Pitch%20Type,"ANA AT HOU - SEPTEMBER 02, 2018",https://www.youtube.com/watch?v=T_VjvsgwC6M,,
138,"SEPTEMBER 03, 2018",MIN,1,4,1,1,https://baseballsavant.mlb.com/gamefeed?game_pk=531469&game_date=&type=pitch_velocity&chart_view=pitch&chart_type=sbp&inning=&count=&batter_hand=&pitcher_hand=&filter=&player=home-pitchers_444468&view=Umpire&coloring=Pitch%20Type,"MIN AT HOU - SEPTEMBER 03, 2018",https://www.youtube.com/watch?v=okyMyTbaaeQ,,
139,"SEPTEMBER 04, 2018",MIN,1,5,2,1,https://baseballsavant.mlb.com/gamefeed?game_pk=531484&game_date=&type=pitch_velocity&chart_view=pitch&chart_type=sbp&inning=&count=&batter_hand=&pitcher_hand=&filter=&player=home-pitchers_434378&view=Umpire&coloring=Pitch%20Type,"MIN AT HOU - SEPTEMBER 04, 2018",https://www.youtube.com/watch?v=_Glmjqh-jYU,,
140,"SEPTEMBER 05, 2018",MIN,1,9,1,1,https://baseballsavant.mlb.com/gamefeed?game_pk=531499&game_date=&type=pitch_velocity&chart_view=pitch&chart_type=sbp&inning=&count=&batter_hand=&pitcher_hand=&filter=&player=home-pitchers_448609&view=Umpire&coloring=Pitch%20Type,"MIN AT HOU - SEPTEMBER 05, 2018",https://www.youtube.com/watch?v=pPOPbiA7W18,,
141,"SEPTEMBER 07, 2018",BOS,0,6,3,1,https://baseballsavant.mlb.com/gamefeed?game_pk=531514&game_date=&type=pitch_velocity&chart_view=pitch&chart_type=sbp&inning=&count=&batter_hand=&pitcher_hand=&filter=&player=home-pitchers_456034&view=Umpire&coloring=Pitch%20Type,"HOU AT BOS - SEPTEMBER 07, 2018",https://www.youtube.com/watch?v=RrKr6CXl3bc,,
142,"SEPTEMBER 08, 2018",BOS,0,5,3,1,https://baseballsavant.mlb.com/gamefeed?game_pk=531529&game_date=&type=pitch_velocity&chart_view=pitch&chart_type=sbp&inning=&count=&batter_hand=&pitcher_hand=&filter=&player=home-pitchers_519443&view=Umpire&coloring=Pitch%20Type,"HOU AT BOS - SEPTEMBER 08, 2018",https://www.youtube.com/watch?v=DjzhKFaQ3JE,,
143,"SEPTEMBER 09, 2018",BOS,0,5,6,0,https://baseballsavant.mlb.com/gamefeed?game_pk=531544&game_date=&type=pitch_velocity&chart_view=pitch&chart_type=sbp&inning=&count=&batter_hand=&pitcher_hand=&filter=&player=home-pitchers_453214&view=Umpire&coloring=Pitch%20Type,"HOU AT BOS - SEPTEMBER 09, 2018",missing,,
144,"SEPTEMBER 10, 2018",DET,0,3,2,1,https://baseballsavant.mlb.com/gamefeed?game_pk=531559&game_date=&type=pitch_velocity&chart_view=pitch&chart_type=sbp&inning=&count=&batter_hand=&pitcher_hand=&filter=&player=home-pitchers_434538&view=Umpire&coloring=Pitch%20Type,"HOU AT DET - SEPTEMBER 10, 2018",https://www.youtube.com/watch?v=3s2Dl-IT0zY,,
145,"SEPTEMBER 11, 2018",DET,0,5,4,1,https://baseballsavant.mlb.com/gamefeed?game_pk=531571&game_date=&type=pitch_velocity&chart_view=pitch&chart_type=sbp&inning=&count=&batter_hand=&pitcher_hand=&filter=&player=home-pitchers_488786&view=Umpire&coloring=Pitch%20Type,"HOU AT DET - SEPTEMBER 11, 2018",https://www.youtube.com/watch?v=W3B17x8Fqk0,,
146,"SEPTEMBER 12, 2018",DET,0,5,4,1,https://baseballsavant.mlb.com/gamefeed?game_pk=531586&game_date=&type=pitch_velocity&chart_view=pitch&chart_type=sbp&inning=&count=&batter_hand=&pitcher_hand=&filter=&player=home-pitchers_572888&view=Umpire&coloring=Pitch%20Type,"HOU AT DET - SEPTEMBER 12, 2018",https://www.youtube.com/watch?v=DyJN5FF_aEc,,
147,"SEPTEMBER 14, 2018",ARI,1,2,4,0,https://baseballsavant.mlb.com/gamefeed?game_pk=531604&game_date=&type=pitch_velocity&chart_view=pitch&chart_type=sbp&inning=&count=&batter_hand=&pitcher_hand=&filter=&player=home-pitchers_444468&view=Umpire&coloring=Pitch%20Type,"ARI AT HOU - SEPTEMBER 14, 2018",https://www.youtube.com/watch?v=cyFQeFII-Wk,,
148,"SEPTEMBER 15, 2018",ARI,1,10,4,1,https://baseballsavant.mlb.com/gamefeed?game_pk=531619&game_date=&type=pitch_velocity&chart_view=pitch&chart_type=sbp&inning=&count=&batter_hand=&pitcher_hand=&filter=&player=home-pitchers_450203&view=Umpire&coloring=Pitch%20Type,"ARI AT HOU - SEPTEMBER 15, 2018",https://www.youtube.com/watch?v=YdmPOs3wAFg,,
149,"SEPTEMBER 16, 2018",ARI,1,5,4,1,https://baseballsavant.mlb.com/gamefeed?game_pk=531634&game_date=&type=pitch_velocity&chart_view=pitch&chart_type=sbp&inning=&count=&batter_hand=&pitcher_hand=&filter=&player=home-pitchers_434378&view=Umpire&coloring=Pitch%20Type,"ARI AT HOU - SEPTEMBER 16, 2018",https://www.youtube.com/watch?v=-VYBEgQsdxU,,
150,"SEPTEMBER 17, 2018",SEA,1,1,4,0,https://baseballsavant.mlb.com/gamefeed?game_pk=531656&game_date=&type=pitch_velocity&chart_view=pitch&chart_type=sbp&inning=&count=&batter_hand=&pitcher_hand=&filter=&player=home-pitchers_444468&view=Umpire&coloring=Pitch%20Type,"SEA AT HOU - SEPTEMBER 17, 2018",https://www.youtube.com/watch?v=NIxI5iZzM2k,,
151,"SEPTEMBER 18, 2018",SEA,1,7,0,1,https://baseballsavant.mlb.com/gamefeed?game_pk=531671&game_date=&type=pitch_velocity&chart_view=pitch&chart_type=sbp&inning=&count=&batter_hand=&pitcher_hand=&filter=&player=home-pitchers_448609&view=Umpire&coloring=Pitch%20Type,"SEA AT HOU - SEPTEMBER 18, 2018",https://www.youtube.com/watch?v=4xt0iR0MMgA,,
152,"SEPTEMBER 19, 2018",SEA,1,0,9,0,https://baseballsavant.mlb.com/gamefeed?game_pk=531686&game_date=&type=pitch_velocity&chart_view=pitch&chart_type=sbp&inning=&count=&batter_hand=&pitcher_hand=&filter=&player=home-pitchers_502748&view=Umpire&coloring=Pitch%20Type,"SEA AT HOU - SEPTEMBER 19, 2018",https://www.youtube.com/watch?v=uY6SjmMFBi0,,
153,"SEPTEMBER 21, 2018",ANA,1,11,3,1,https://baseballsavant.mlb.com/gamefeed?game_pk=531704&game_date=&type=pitch_velocity&chart_view=pitch&chart_type=sbp&inning=&count=&batter_hand=&pitcher_hand=&filter=&player=home-pitchers_448609&view=Umpire&coloring=Pitch%20Type,"ANA AT HOU - SEPTEMBER 21, 2018",https://www.youtube.com/watch?v=_NmoRsTDtSQ,,
154,"SEPTEMBER 22, 2018",ANA,1,10,5,1,https://baseballsavant.mlb.com/gamefeed?game_pk=531719&game_date=&type=pitch_velocity&chart_view=pitch&chart_type=sbp&inning=&count=&batter_hand=&pitcher_hand=&filter=&player=home-pitchers_434378&view=Umpire&coloring=Pitch%20Type,"ANA AT HOU - SEPTEMBER 22, 2018",https://www.youtube.com/watch?v=dRK85nOo3_g,,
155,"SEPTEMBER 23, 2018",ANA,1,6,2,1,https://baseballsavant.mlb.com/gamefeed?game_pk=531734&game_date=&type=pitch_velocity&chart_view=pitch&chart_type=sbp&inning=&count=&batter_hand=&pitcher_hand=&filter=&player=home-pitchers_450203&view=Umpire&coloring=Pitch%20Type,"ANA AT HOU - SEPTEMBER 23, 2018",https://www.youtube.com/watch?v=yt-6mk7-mVE,,
156,"SEPTEMBER 24, 2018",TOR,0,5,3,1,https://baseballsavant.mlb.com/gamefeed?game_pk=531745&game_date=&type=pitch_velocity&chart_view=pitch&chart_type=sbp&inning=&count=&batter_hand=&pitcher_hand=&filter=&player=home-pitchers_461325&view=Umpire&coloring=Pitch%20Type,"HOU AT TOR - SEPTEMBER 24, 2018",https://www.youtube.com/watch?v=okSInCmdhjw,,
157,"SEPTEMBER 25, 2018",TOR,0,4,1,1,https://baseballsavant.mlb.com/gamefeed?game_pk=531759&game_date=&type=pitch_velocity&chart_view=pitch&chart_type=sbp&inning=&count=&batter_hand=&pitcher_hand=&filter=&player=home-pitchers_543208&view=Umpire&coloring=Pitch%20Type,"HOU AT TOR - SEPTEMBER 25, 2018",https://www.youtube.com/watch?v=EkafWM_IU70,,
158,"SEPTEMBER 26, 2018",TOR,0,1,3,0,https://baseballsavant.mlb.com/gamefeed?game_pk=531774&game_date=&type=pitch_velocity&chart_view=pitch&chart_type=sbp&inning=&count=&batter_hand=&pitcher_hand=&filter=&player=home-pitchers_461325&view=Umpire&coloring=Pitch%20Type,"HOU AT TOR - SEPTEMBER 26, 2018",https://www.youtube.com/watch?v=l3gWbwuxJ6o,,
159,"SEPTEMBER 28, 2018",BAL,0,2,1,1,https://baseballsavant.mlb.com/gamefeed?game_pk=531798&game_date=&type=pitch_velocity&chart_view=pitch&chart_type=sbp&inning=&count=&batter_hand=&pitcher_hand=&filter=&player=home-pitchers_571710&view=Umpire&coloring=Pitch%20Type,"HOU AT BAL - SEPTEMBER 28, 2018",https://www.youtube.com/watch?v=DXRtzSooUSk,,
160,"SEPTEMBER 29, 2018",BAL,0,4,3,1,https://baseballsavant.mlb.com/gamefeed?game_pk=531813&game_date=&type=pitch_velocity&chart_view=pitch&chart_type=sbp&inning=&count=&batter_hand=&pitcher_hand=&filter=&player=home-pitchers_543219&view=Umpire&coloring=Pitch%20Type,"HOU AT BAL - SEPTEMBER 29, 2018",https://www.youtube.com/watch?v=Wzs8ZSw8MLw,,
161,"SEPTEMBER 29, 2018",BAL,0,5,2,1,https://baseballsavant.mlb.com/gamefeed?game_pk=531788&game_date=&type=pitch_velocity&chart_view=pitch&chart_type=sbp&inning=&count=&batter_hand=&pitcher_hand=&filter=&player=home-pitchers_605541&view=Umpire&coloring=Pitch%20Type,"HOU AT BAL - SEPTEMBER 29, 2018",https://www.youtube.com/watch?v=ToQMWLBq0hg,,
162,"SEPTEMBER 30, 2018",BAL,0,0,4,0,https://baseballsavant.mlb.com/gamefeed?game_pk=531828&game_date=&type=pitch_velocity&chart_view=pitch&chart_type=sbp&inning=&count=&batter_hand=&pitcher_hand=&filter=&player=home-pitchers_571710&view=Umpire&coloring=Pitch%20Type,"HOU AT BAL - SEPTEMBER 30, 2018",missing,,
163,"OCTOBER 05, 2018",CLE,1,7,2,1,https://baseballsavant.mlb.com/gamefeed?game_pk=563378&game_date=2018-10-5&type=pitch_velocity&chart_view=pitch&chart_type=sbp&inning=&count=&batter_hand=&pitcher_hand=&filter=&player=home-pitchers_434378&view=Umpire&coloring=Pitch%20Type,"CLE AT HOU - OCTOBER 05, 2018",https://www.youtube.com/watch?v=qvJwX0r8bAw,,
164,"OCTOBER 06, 2018",CLE,1,3,1,1,https://baseballsavant.mlb.com/gamefeed?game_pk=563379&game_date=2018-10-6&type=pitch_velocity&chart_view=pitch&chart_type=sbp&inning=&count=&batter_hand=&pitcher_hand=&filter=&player=home-pitchers_519151&view=Umpire&coloring=Pitch%20Type,"CLE AT HOU - OCTOBER 06, 2018",https://www.youtube.com/watch?v=NnV16qTsplI,,
165,"OCTOBER 08, 2018",CLE,0,11,3,1,https://baseballsavant.mlb.com/gamefeed?game_pk=563380&game_date=2018-10-8&type=pitch_velocity&chart_view=pitch&chart_type=sbp&inning=&count=&batter_hand=&pitcher_hand=&filter=&player=home-pitchers_453192&view=Umpire&coloring=Pitch%20Type,"HOU AT CLE - OCTOBER 08, 2018",https://www.youtube.com/watch?v=jZaUxM0caLU,,
166,"OCTOBER 13, 2018",BOS,0,7,2,1,https://baseballsavant.mlb.com/gamefeed?game_pk=563393&game_date=2018-10-13&type=pitch_velocity&chart_view=pitch&chart_type=sbp&inning=&count=&batter_hand=&pitcher_hand=&filter=&player=home-pitchers_518489&view=Umpire&coloring=Pitch%20Type,"HOU AT BOS - OCTOBER 13, 2018",https://www.youtube.com/watch?v=p-ycUJKsy10,,
167,"OCTOBER 14, 2018",BOS,0,5,7,0,https://baseballsavant.mlb.com/gamefeed?game_pk=563394&game_date=2018-10-14&type=pitch_velocity&chart_view=pitch&chart_type=sbp&inning=&count=&batter_hand=&pitcher_hand=&filter=&player=home-pitchers_456034&view=Umpire&coloring=Pitch%20Type,"HOU AT BOS - OCTOBER 14, 2018",https://www.youtube.com/watch?v=SWB_uB8Pu5A,,
168,"OCTOBER 16, 2018",BOS,1,2,8,0,https://baseballsavant.mlb.com/gamefeed?game_pk=563395&game_date=2018-10-16&type=pitch_velocity&chart_view=pitch&chart_type=sbp&inning=&count=&batter_hand=&pitcher_hand=&filter=&player=home-pitchers_444468&view=Umpire&coloring=Pitch%20Type,"BOS AT HOU - OCTOBER 16, 2018",https://www.youtube.com/watch?v=M1-mXdVk2r4,,
169,"OCTOBER 17, 2018",BOS,1,6,8,0,https://baseballsavant.mlb.com/gamefeed?game_pk=563396&game_date=2018-10-17&type=pitch_velocity&chart_view=pitch&chart_type=sbp&inning=&count=&batter_hand=&pitcher_hand=&filter=&player=home-pitchers_448609&view=Umpire&coloring=Pitch%20Type,"BOS AT HOU - OCTOBER 17, 2018",https://www.youtube.com/watch?v=GzuO7ARIJHg,,
170,"OCTOBER 18, 2018",BOS,1,1,4,0,https://baseballsavant.mlb.com/gamefeed?game_pk=563397&game_date=2018-10-18&type=pitch_velocity&chart_view=pitch&chart_type=sbp&inning=&count=&batter_hand=&pitcher_hand=&filter=&player=home-pitchers_434378&view=Umpire&coloring=Pitch%20Type,"BOS AT HOU - OCTOBER 18, 2018",missing,,
